{"cameraMode":{"drawMode":0,"name":"Shaded","section":"Shading Mode"},"sceneLighting":true,"audioPlay":false,"sceneViewState":{"m_AlwaysRefresh":false,"showFog":true,"showSkybox":true,"showFlares":true,"showImageEffects":true,"showParticleSystems":true,"showVisualEffectGraphs":true,"m_FxEnabled":true},"in2DMode":false,"pivot":{"x":-2.1318960189819338,"y":0.16292229294776917,"z":0.08740665763616562},"rotation":{"x":0.16370709240436555,"y":-0.4934222996234894,"z":0.09515119343996048,"w":0.8489346504211426},"size":7.502374172210693,"orthographic":false}